sample_id,bucket,ground_truth,policy,treatment,generator,verdict,confidence,needs_double_review,reviewer,decision,notes
f2_frequency__ADM_49_adm_153_jpeg_q70,honest_abstention,Fake,frequency,jpeg_q70,ADM,Uncertain,0.5,uncertain,,,
f2_frequency__ADM_49_adm_153_jpeg_q85,honest_abstention,Fake,frequency,jpeg_q85,ADM,Uncertain,0.5,uncertain,,,
f2_frequency__ADM_49_adm_153_jpeg_q95,honest_abstention,Fake,frequency,jpeg_q95,ADM,Uncertain,0.5,uncertain,,,
f2_frequency__ADM_49_adm_153_png,honest_abstention,Fake,frequency,png,ADM,Uncertain,0.5,uncertain,,,
f2_frequency__BigGAN_188_biggan_00127_jpeg_q70,honest_abstention,Fake,frequency,jpeg_q70,BigGAN,Uncertain,0.5,uncertain,,,
f2_frequency__BigGAN_188_biggan_00127_jpeg_q85,honest_abstention,Fake,frequency,jpeg_q85,BigGAN,Uncertain,0.5,uncertain,,,
f2_frequency__BigGAN_188_biggan_00127_jpeg_q95,honest_abstention,Fake,frequency,jpeg_q95,BigGAN,Uncertain,0.5,uncertain,,,
f2_frequency__BigGAN_188_biggan_00127_png,honest_abstention,Fake,frequency,png,BigGAN,Uncertain,0.5,uncertain,,,
f2_frequency__Glide_GLIDE_1000_200_00_049_glide_00020_jpeg_q70,honest_abstention,Fake,frequency,jpeg_q70,Glide,Uncertain,0.5,uncertain,,,
f2_frequency__Glide_GLIDE_1000_200_00_049_glide_00020_jpeg_q85,honest_abstention,Fake,frequency,jpeg_q85,Glide,Uncertain,0.5,uncertain,,,
f2_frequency__Glide_GLIDE_1000_200_00_049_glide_00020_jpeg_q95,honest_abstention,Fake,frequency,jpeg_q95,Glide,Uncertain,0.5,uncertain,,,
f2_frequency__Glide_GLIDE_1000_200_00_049_glide_00020_png,honest_abstention,Fake,frequency,png,Glide,Uncertain,0.5,uncertain,,,
f2_frequency__Real_61a31c5a-850a-4ad1-a26b-a92ba72b2f5c_jpeg_q70,honest_abstention,Real,frequency,jpeg_q70,Real,Uncertain,0.5,uncertain,,,
f2_frequency__Real_61a31c5a-850a-4ad1-a26b-a92ba72b2f5c_jpeg_q85,honest_abstention,Real,frequency,jpeg_q85,Real,Uncertain,0.5,uncertain,,,
f2_frequency__SD14_122_sdv4_00039_jpeg_q70,honest_abstention,Fake,frequency,jpeg_q70,SD14,Uncertain,0.5,uncertain,,,
f2_frequency__SD14_122_sdv4_00039_jpeg_q85,honest_abstention,Fake,frequency,jpeg_q85,SD14,Uncertain,0.5,uncertain,,,
f2_frequency__SD14_122_sdv4_00039_jpeg_q95,honest_abstention,Fake,frequency,jpeg_q95,SD14,Uncertain,0.5,uncertain,,,
f2_frequency__SD14_122_sdv4_00039_png,honest_abstention,Fake,frequency,png,SD14,Uncertain,0.5,uncertain,,,
f2_frequency__SD14_289_sdv4_00074_jpeg_q70,honest_abstention,Fake,frequency,jpeg_q70,SD14,Uncertain,0.5,uncertain,,,
f2_frequency__SD14_289_sdv4_00074_jpeg_q85,honest_abstention,Fake,frequency,jpeg_q85,SD14,Uncertain,0.5,uncertain,,,
f2_frequency__SD14_289_sdv4_00074_jpeg_q95,honest_abstention,Fake,frequency,jpeg_q95,SD14,Uncertain,0.5,uncertain,,,
f2_frequency__SD14_289_sdv4_00074_png,honest_abstention,Fake,frequency,png,SD14,Uncertain,0.5,uncertain,,,
f2_frequency__SD15_168_sdv5_00027_jpeg_q70,honest_abstention,Fake,frequency,jpeg_q70,SD15,Uncertain,0.5,uncertain,,,
f2_frequency__SD15_168_sdv5_00027_jpeg_q85,honest_abstention,Fake,frequency,jpeg_q85,SD15,Uncertain,0.5,uncertain,,,
f2_frequency__SD15_168_sdv5_00027_jpeg_q95,honest_abstention,Fake,frequency,jpeg_q95,SD15,Uncertain,0.5,uncertain,,,
f2_frequency__SD15_168_sdv5_00027_png,honest_abstention,Fake,frequency,png,SD15,Uncertain,0.5,uncertain,,,
f2_frequency__SD15_815_sdv5_00027_jpeg_q70,honest_abstention,Fake,frequency,jpeg_q70,SD15,Uncertain,0.5,uncertain,,,
f2_frequency__SD15_815_sdv5_00027_jpeg_q85,honest_abstention,Fake,frequency,jpeg_q85,SD15,Uncertain,0.5,uncertain,,,
f2_frequency__SD15_815_sdv5_00027_jpeg_q95,honest_abstention,Fake,frequency,jpeg_q95,SD15,Uncertain,0.5,uncertain,,,
f2_frequency__SD15_815_sdv5_00027_png,honest_abstention,Fake,frequency,png,SD15,Uncertain,0.5,uncertain,,,
f2_frequency__VQDM_VQDM_1000_200_04_497_vqdm_00035_jpeg_q70,honest_abstention,Fake,frequency,jpeg_q70,VQDM,Uncertain,0.5,uncertain,,,
f2_frequency__VQDM_VQDM_1000_200_04_497_vqdm_00035_jpeg_q85,honest_abstention,Fake,frequency,jpeg_q85,VQDM,Uncertain,0.5,uncertain,,,
f2_frequency__VQDM_VQDM_1000_200_04_497_vqdm_00035_jpeg_q95,honest_abstention,Fake,frequency,jpeg_q95,VQDM,Uncertain,0.5,uncertain,,,
f2_frequency__VQDM_VQDM_1000_200_04_497_vqdm_00035_png,honest_abstention,Fake,frequency,png,VQDM,Uncertain,0.5,uncertain,,,
f2_frequency__VQDM_VQDM_1000_200_09_905_vqdm_00020_jpeg_q70,honest_abstention,Fake,frequency,jpeg_q70,VQDM,Uncertain,0.5,uncertain,,,
f2_frequency__VQDM_VQDM_1000_200_09_905_vqdm_00020_jpeg_q85,honest_abstention,Fake,frequency,jpeg_q85,VQDM,Uncertain,0.5,uncertain,,,
f2_frequency__VQDM_VQDM_1000_200_09_905_vqdm_00020_jpeg_q95,honest_abstention,Fake,frequency,jpeg_q95,VQDM,Uncertain,0.5,uncertain,,,
f2_frequency__VQDM_VQDM_1000_200_09_905_vqdm_00020_png,honest_abstention,Fake,frequency,png,VQDM,Uncertain,0.5,uncertain,,,
f2_frequency__Wukong_965_wukong_image128_jpeg_q70,honest_abstention,Fake,frequency,jpeg_q70,Wukong,Uncertain,0.5,uncertain,,,
f2_frequency__Wukong_965_wukong_image128_jpeg_q85,honest_abstention,Fake,frequency,jpeg_q85,Wukong,Uncertain,0.5,uncertain,,,
f2_frequency__Wukong_965_wukong_image128_jpeg_q95,honest_abstention,Fake,frequency,jpeg_q95,Wukong,Uncertain,0.5,uncertain,,,
f2_frequency__Wukong_965_wukong_image128_png,honest_abstention,Fake,frequency,png,Wukong,Uncertain,0.5,uncertain,,,
f2_jpeg__ADM_49_adm_153_jpeg_q85,honest_abstention,Fake,jpeg,jpeg_q85,ADM,Uncertain,0.5,uncertain,,,
f2_jpeg__ADM_49_adm_153_jpeg_q95,honest_abstention,Fake,jpeg,jpeg_q95,ADM,Uncertain,0.5,uncertain,,,
f2_jpeg__ADM_49_adm_153_png,positive,Fake,jpeg,png,ADM,Fake,0.7354,,,,
f2_jpeg__BigGAN_188_biggan_00127_jpeg_q85,honest_abstention,Fake,jpeg,jpeg_q85,BigGAN,Uncertain,0.5,uncertain,,,
f2_jpeg__BigGAN_188_biggan_00127_jpeg_q95,positive,Fake,jpeg,jpeg_q95,BigGAN,Fake,0.7354,,,,
f2_jpeg__BigGAN_188_biggan_00127_png,positive,Fake,jpeg,png,BigGAN,Fake,0.7354,,,,
f2_jpeg__Glide_GLIDE_1000_200_00_049_glide_00020_jpeg_q85,honest_abstention,Fake,jpeg,jpeg_q85,Glide,Uncertain,0.5,uncertain,,,
f2_jpeg__Glide_GLIDE_1000_200_00_049_glide_00020_jpeg_q95,honest_abstention,Fake,jpeg,jpeg_q95,Glide,Uncertain,0.5,uncertain,,,
f2_jpeg__Glide_GLIDE_1000_200_00_049_glide_00020_png,positive,Fake,jpeg,png,Glide,Fake,0.7354,,,,
f2_jpeg__Real_61a31c5a-850a-4ad1-a26b-a92ba72b2f5c_jpeg_q85,honest_abstention,Real,jpeg,jpeg_q85,Real,Uncertain,0.5,uncertain,,,
f2_jpeg__SD14_122_sdv4_00039_jpeg_q85,honest_abstention,Fake,jpeg,jpeg_q85,SD14,Uncertain,0.5,uncertain,,,
f2_jpeg__SD14_122_sdv4_00039_jpeg_q95,honest_abstention,Fake,jpeg,jpeg_q95,SD14,Uncertain,0.5,uncertain,,,
f2_jpeg__SD14_122_sdv4_00039_png,positive,Fake,jpeg,png,SD14,Fake,0.7354,,,,
f2_jpeg__SD14_289_sdv4_00074_jpeg_q85,honest_abstention,Fake,jpeg,jpeg_q85,SD14,Uncertain,0.5,uncertain,,,
f2_jpeg__SD14_289_sdv4_00074_jpeg_q95,honest_abstention,Fake,jpeg,jpeg_q95,SD14,Uncertain,0.5,uncertain,,,
f2_jpeg__SD14_289_sdv4_00074_png,positive,Fake,jpeg,png,SD14,Fake,0.7354,,,,
f2_jpeg__SD15_168_sdv5_00027_jpeg_q85,positive,Fake,jpeg,jpeg_q85,SD15,Fake,0.7354,,,,
f2_jpeg__SD15_168_sdv5_00027_jpeg_q95,positive,Fake,jpeg,jpeg_q95,SD15,Fake,0.7354,,,,
f2_jpeg__SD15_168_sdv5_00027_png,positive,Fake,jpeg,png,SD15,Fake,0.7354,,,,
f2_jpeg__SD15_815_sdv5_00027_jpeg_q85,honest_abstention,Fake,jpeg,jpeg_q85,SD15,Uncertain,0.5,uncertain,,,
f2_jpeg__SD15_815_sdv5_00027_jpeg_q95,honest_abstention,Fake,jpeg,jpeg_q95,SD15,Uncertain,0.5,uncertain,,,
f2_jpeg__SD15_815_sdv5_00027_png,positive,Fake,jpeg,png,SD15,Fake,0.7354,,,,
f2_jpeg__VQDM_VQDM_1000_200_04_497_vqdm_00035_jpeg_q85,honest_abstention,Fake,jpeg,jpeg_q85,VQDM,Uncertain,0.5,uncertain,,,
f2_jpeg__VQDM_VQDM_1000_200_04_497_vqdm_00035_jpeg_q95,honest_abstention,Fake,jpeg,jpeg_q95,VQDM,Uncertain,0.5,uncertain,,,
f2_jpeg__VQDM_VQDM_1000_200_04_497_vqdm_00035_png,honest_abstention,Fake,jpeg,png,VQDM,Uncertain,0.5,uncertain,,,
f2_jpeg__VQDM_VQDM_1000_200_09_905_vqdm_00020_jpeg_q85,honest_abstention,Fake,jpeg,jpeg_q85,VQDM,Uncertain,0.5,uncertain,,,
f2_jpeg__VQDM_VQDM_1000_200_09_905_vqdm_00020_jpeg_q95,honest_abstention,Fake,jpeg,jpeg_q95,VQDM,Uncertain,0.5,uncertain,,,
f2_jpeg__VQDM_VQDM_1000_200_09_905_vqdm_00020_png,positive,Fake,jpeg,png,VQDM,Fake,0.7354,,,,
f2_jpeg__Wukong_965_wukong_image128_jpeg_q85,honest_abstention,Fake,jpeg,jpeg_q85,Wukong,Uncertain,0.5,uncertain,,,
f2_jpeg__Wukong_965_wukong_image128_jpeg_q95,honest_abstention,Fake,jpeg,jpeg_q95,Wukong,Uncertain,0.5,uncertain,,,
f2_jpeg__Wukong_965_wukong_image128_png,positive,Fake,jpeg,png,Wukong,Fake,0.7354,,,,
f2_no-tool__Real_0bb47150-a4d7-4e0c-bdeb-661c5610382e_jpeg_q70,positive,Real,no-tool,jpeg_q70,Real,Real,0.95,high_confidence,,,
f2_no-tool__Real_0bb47150-a4d7-4e0c-bdeb-661c5610382e_jpeg_q85,positive,Real,no-tool,jpeg_q85,Real,Real,0.95,high_confidence,,,
f2_no-tool__Real_0bb47150-a4d7-4e0c-bdeb-661c5610382e_jpeg_q95,positive,Real,no-tool,jpeg_q95,Real,Real,0.95,high_confidence,,,
f2_no-tool__Real_0bb47150-a4d7-4e0c-bdeb-661c5610382e_png,positive,Real,no-tool,png,Real,Real,0.95,high_confidence,,,
f2_no-tool__Real_2f7210fb-62f1-48b8-ab7b-1f0d6f77b7af_jpeg_q70,positive,Real,no-tool,jpeg_q70,Real,Real,0.95,high_confidence,,,
f2_no-tool__Real_2f7210fb-62f1-48b8-ab7b-1f0d6f77b7af_jpeg_q85,positive,Real,no-tool,jpeg_q85,Real,Real,0.95,high_confidence,,,
f2_no-tool__Real_2f7210fb-62f1-48b8-ab7b-1f0d6f77b7af_jpeg_q95,positive,Real,no-tool,jpeg_q95,Real,Real,0.95,high_confidence,,,
f2_no-tool__Real_2f7210fb-62f1-48b8-ab7b-1f0d6f77b7af_png,positive,Real,no-tool,png,Real,Real,0.95,high_confidence,,,
f2_no-tool__Real_532bd15d-b868-4dc1-b476-788e22f24fa9_jpeg_q70,positive,Real,no-tool,jpeg_q70,Real,Real,0.95,high_confidence,,,
f2_no-tool__Real_532bd15d-b868-4dc1-b476-788e22f24fa9_jpeg_q95,positive,Real,no-tool,jpeg_q95,Real,Real,0.95,high_confidence,,,
f2_no-tool__Real_532bd15d-b868-4dc1-b476-788e22f24fa9_png,positive,Real,no-tool,png,Real,Real,0.95,high_confidence,,,
f2_no-tool__Real_5e8ab5cb-a6b9-4452-ab8b-c8c05a3b7fed_jpeg_q70,positive,Real,no-tool,jpeg_q70,Real,Real,0.95,high_confidence,,,
f2_no-tool__Real_5e8ab5cb-a6b9-4452-ab8b-c8c05a3b7fed_jpeg_q85,positive,Real,no-tool,jpeg_q85,Real,Real,0.95,high_confidence,,,
f2_no-tool__Real_5e8ab5cb-a6b9-4452-ab8b-c8c05a3b7fed_jpeg_q95,positive,Real,no-tool,jpeg_q95,Real,Real,0.95,high_confidence,,,
f2_no-tool__Real_5e8ab5cb-a6b9-4452-ab8b-c8c05a3b7fed_png,positive,Real,no-tool,png,Real,Real,0.95,high_confidence,,,
f2_no-tool__Real_61a31c5a-850a-4ad1-a26b-a92ba72b2f5c_jpeg_q70,honest_abstention,Real,no-tool,jpeg_q70,Real,Uncertain,0.5,uncertain,,,
f2_no-tool__Real_61a31c5a-850a-4ad1-a26b-a92ba72b2f5c_jpeg_q85,honest_abstention,Real,no-tool,jpeg_q85,Real,Uncertain,0.5,uncertain,,,
f2_no-tool__Real_61a31c5a-850a-4ad1-a26b-a92ba72b2f5c_jpeg_q95,positive,Real,no-tool,jpeg_q95,Real,Real,0.95,high_confidence,,,
f2_no-tool__Real_61a31c5a-850a-4ad1-a26b-a92ba72b2f5c_png,positive,Real,no-tool,png,Real,Real,0.95,high_confidence,,,
f2_no-tool__Real_74cc17f8-4a5f-4416-b96d-a6a27874e1aa_jpeg_q70,positive,Real,no-tool,jpeg_q70,Real,Real,0.95,high_confidence,,,
f2_no-tool__Real_74cc17f8-4a5f-4416-b96d-a6a27874e1aa_jpeg_q85,positive,Real,no-tool,jpeg_q85,Real,Real,0.9,high_confidence,,,
f2_no-tool__Real_74cc17f8-4a5f-4416-b96d-a6a27874e1aa_jpeg_q95,positive,Real,no-tool,jpeg_q95,Real,Real,0.95,high_confidence,,,
f2_no-tool__Real_74cc17f8-4a5f-4416-b96d-a6a27874e1aa_png,positive,Real,no-tool,png,Real,Real,0.95,high_confidence,,,
f2_no-tool__Real_d90d46bc-de04-4306-93cf-a7818d190aee_jpeg_q70,positive,Real,no-tool,jpeg_q70,Real,Real,0.95,high_confidence,,,
f2_no-tool__Real_d90d46bc-de04-4306-93cf-a7818d190aee_jpeg_q85,positive,Real,no-tool,jpeg_q85,Real,Real,0.95,high_confidence,,,
f2_no-tool__Real_d90d46bc-de04-4306-93cf-a7818d190aee_jpeg_q95,positive,Real,no-tool,jpeg_q95,Real,Real,0.95,high_confidence,,,
f2_no-tool__Real_d90d46bc-de04-4306-93cf-a7818d190aee_png,positive,Real,no-tool,png,Real,Real,0.95,high_confidence,,,
f2_no-tool__Real_f0984e98-df5d-4f07-9874-080b8b10dc64_jpeg_q70,positive,Real,no-tool,jpeg_q70,Real,Real,0.95,high_confidence,,,
f2_no-tool__Real_f0984e98-df5d-4f07-9874-080b8b10dc64_jpeg_q85,positive,Real,no-tool,jpeg_q85,Real,Real,0.95,high_confidence,,,
f2_no-tool__Real_f0984e98-df5d-4f07-9874-080b8b10dc64_jpeg_q95,positive,Real,no-tool,jpeg_q95,Real,Real,0.95,high_confidence,,,
f2_no-tool__Real_f0984e98-df5d-4f07-9874-080b8b10dc64_png,positive,Real,no-tool,png,Real,Real,0.95,high_confidence,,,
f2_no-tool__Real_f4141f9b-7ef9-46c8-ba02-f92d1425b863_jpeg_q70,positive,Real,no-tool,jpeg_q70,Real,Real,0.95,high_confidence,,,
f2_no-tool__Real_f4141f9b-7ef9-46c8-ba02-f92d1425b863_jpeg_q85,positive,Real,no-tool,jpeg_q85,Real,Real,0.95,high_confidence,,,
f2_no-tool__Real_f4141f9b-7ef9-46c8-ba02-f92d1425b863_jpeg_q95,positive,Real,no-tool,jpeg_q95,Real,Real,0.95,high_confidence,,,
f2_no-tool__Real_f4141f9b-7ef9-46c8-ba02-f92d1425b863_png,positive,Real,no-tool,png,Real,Real,0.95,high_confidence,,,
f2_no-tool__Real_f80f11ce-2510-4905-8676-01877c2d9d91_jpeg_q70,positive,Real,no-tool,jpeg_q70,Real,Real,0.9,high_confidence,,,
f2_no-tool__Real_f80f11ce-2510-4905-8676-01877c2d9d91_jpeg_q85,positive,Real,no-tool,jpeg_q85,Real,Real,0.9,high_confidence,,,
f2_no-tool__Real_f80f11ce-2510-4905-8676-01877c2d9d91_jpeg_q95,positive,Real,no-tool,jpeg_q95,Real,Real,0.95,high_confidence,,,
f2_no-tool__Real_f80f11ce-2510-4905-8676-01877c2d9d91_png,positive,Real,no-tool,png,Real,Real,0.95,high_confidence,,,
f2_noise+frequency__ADM_49_adm_153_jpeg_q70,honest_abstention,Fake,noise+frequency,jpeg_q70,ADM,Uncertain,0.5,uncertain|multi_tool,,,
f2_noise+frequency__ADM_49_adm_153_jpeg_q85,honest_abstention,Fake,noise+frequency,jpeg_q85,ADM,Uncertain,0.5,uncertain|multi_tool,,,
f2_noise+frequency__ADM_49_adm_153_jpeg_q95,positive,Fake,noise+frequency,jpeg_q95,ADM,Fake,0.6727,multi_tool,,,
f2_noise+frequency__ADM_49_adm_153_png,positive,Fake,noise+frequency,png,ADM,Fake,0.6727,multi_tool,,,
f2_noise+frequency__BigGAN_188_biggan_00127_jpeg_q70,honest_abstention,Fake,noise+frequency,jpeg_q70,BigGAN,Uncertain,0.5,uncertain|multi_tool,,,
f2_noise+frequency__BigGAN_188_biggan_00127_jpeg_q85,honest_abstention,Fake,noise+frequency,jpeg_q85,BigGAN,Uncertain,0.5,uncertain|multi_tool,,,
f2_noise+frequency__BigGAN_188_biggan_00127_jpeg_q95,positive,Fake,noise+frequency,jpeg_q95,BigGAN,Fake,0.6727,multi_tool,,,
f2_noise+frequency__BigGAN_188_biggan_00127_png,positive,Fake,noise+frequency,png,BigGAN,Fake,0.6727,multi_tool,,,
f2_noise+frequency__Glide_GLIDE_1000_200_00_049_glide_00020_jpeg_q70,positive,Fake,noise+frequency,jpeg_q70,Glide,Fake,0.6727,multi_tool,,,
f2_noise+frequency__Glide_GLIDE_1000_200_00_049_glide_00020_jpeg_q85,positive,Fake,noise+frequency,jpeg_q85,Glide,Fake,0.6727,multi_tool,,,
f2_noise+frequency__Glide_GLIDE_1000_200_00_049_glide_00020_jpeg_q95,positive,Fake,noise+frequency,jpeg_q95,Glide,Fake,0.6727,multi_tool,,,
f2_noise+frequency__Glide_GLIDE_1000_200_00_049_glide_00020_png,positive,Fake,noise+frequency,png,Glide,Fake,0.6727,multi_tool,,,
f2_noise+frequency__Real_61a31c5a-850a-4ad1-a26b-a92ba72b2f5c_jpeg_q70,honest_abstention,Real,noise+frequency,jpeg_q70,Real,Uncertain,0.5,uncertain|multi_tool,,,
f2_noise+frequency__Real_61a31c5a-850a-4ad1-a26b-a92ba72b2f5c_jpeg_q85,honest_abstention,Real,noise+frequency,jpeg_q85,Real,Uncertain,0.5,uncertain|multi_tool,,,
f2_noise+frequency__Real_74cc17f8-4a5f-4416-b96d-a6a27874e1aa_jpeg_q70,positive,Real,noise+frequency,jpeg_q70,Real,Real,0.3102,multi_tool,,,
f2_noise+frequency__Real_74cc17f8-4a5f-4416-b96d-a6a27874e1aa_jpeg_q85,positive,Real,noise+frequency,jpeg_q85,Real,Real,0.3102,multi_tool,,,
f2_noise+frequency__Real_74cc17f8-4a5f-4416-b96d-a6a27874e1aa_jpeg_q95,positive,Real,noise+frequency,jpeg_q95,Real,Real,0.3102,multi_tool,,,
f2_noise+frequency__Real_74cc17f8-4a5f-4416-b96d-a6a27874e1aa_png,positive,Real,noise+frequency,png,Real,Real,0.3102,multi_tool,,,
f2_noise+frequency__Real_f0984e98-df5d-4f07-9874-080b8b10dc64_jpeg_q70,positive,Real,noise+frequency,jpeg_q70,Real,Real,0.3102,multi_tool,,,
f2_noise+frequency__Real_f0984e98-df5d-4f07-9874-080b8b10dc64_jpeg_q95,positive,Real,noise+frequency,jpeg_q95,Real,Real,0.3102,multi_tool,,,
f2_noise+frequency__SD14_122_sdv4_00039_jpeg_q70,honest_abstention,Fake,noise+frequency,jpeg_q70,SD14,Uncertain,0.5,uncertain|multi_tool,,,
f2_noise+frequency__SD14_122_sdv4_00039_jpeg_q85,honest_abstention,Fake,noise+frequency,jpeg_q85,SD14,Uncertain,0.5,uncertain|multi_tool,,,
f2_noise+frequency__SD14_122_sdv4_00039_jpeg_q95,honest_abstention,Fake,noise+frequency,jpeg_q95,SD14,Uncertain,0.5,uncertain|multi_tool,,,
f2_noise+frequency__SD14_122_sdv4_00039_png,honest_abstention,Fake,noise+frequency,png,SD14,Uncertain,0.5,uncertain|multi_tool,,,
f2_noise+frequency__SD14_289_sdv4_00074_jpeg_q70,honest_abstention,Fake,noise+frequency,jpeg_q70,SD14,Uncertain,0.5,uncertain|multi_tool,,,
f2_noise+frequency__SD14_289_sdv4_00074_jpeg_q85,honest_abstention,Fake,noise+frequency,jpeg_q85,SD14,Uncertain,0.5,uncertain|multi_tool,,,
f2_noise+frequency__SD14_289_sdv4_00074_jpeg_q95,honest_abstention,Fake,noise+frequency,jpeg_q95,SD14,Uncertain,0.5,uncertain|multi_tool,,,
f2_noise+frequency__SD14_289_sdv4_00074_png,honest_abstention,Fake,noise+frequency,png,SD14,Uncertain,0.5,uncertain|multi_tool,,,
f2_noise+frequency__SD15_168_sdv5_00027_jpeg_q70,honest_abstention,Fake,noise+frequency,jpeg_q70,SD15,Uncertain,0.5,uncertain|multi_tool,,,
f2_noise+frequency__SD15_168_sdv5_00027_jpeg_q85,honest_abstention,Fake,noise+frequency,jpeg_q85,SD15,Uncertain,0.5,uncertain|multi_tool,,,
f2_noise+frequency__SD15_168_sdv5_00027_jpeg_q95,honest_abstention,Fake,noise+frequency,jpeg_q95,SD15,Uncertain,0.5,uncertain|multi_tool,,,
f2_noise+frequency__SD15_168_sdv5_00027_png,honest_abstention,Fake,noise+frequency,png,SD15,Uncertain,0.5,uncertain|multi_tool,,,
f2_noise+frequency__SD15_815_sdv5_00027_jpeg_q70,positive,Fake,noise+frequency,jpeg_q70,SD15,Fake,0.6727,multi_tool,,,
f2_noise+frequency__SD15_815_sdv5_00027_jpeg_q85,positive,Fake,noise+frequency,jpeg_q85,SD15,Fake,0.6727,multi_tool,,,
f2_noise+frequency__SD15_815_sdv5_00027_jpeg_q95,positive,Fake,noise+frequency,jpeg_q95,SD15,Fake,0.6727,multi_tool,,,
f2_noise+frequency__SD15_815_sdv5_00027_png,positive,Fake,noise+frequency,png,SD15,Fake,0.6727,multi_tool,,,
f2_noise+frequency__VQDM_VQDM_1000_200_04_497_vqdm_00035_jpeg_q70,honest_abstention,Fake,noise+frequency,jpeg_q70,VQDM,Uncertain,0.5,uncertain|multi_tool,,,
f2_noise+frequency__VQDM_VQDM_1000_200_04_497_vqdm_00035_jpeg_q85,honest_abstention,Fake,noise+frequency,jpeg_q85,VQDM,Uncertain,0.5,uncertain|multi_tool,,,
f2_noise+frequency__VQDM_VQDM_1000_200_04_497_vqdm_00035_jpeg_q95,honest_abstention,Fake,noise+frequency,jpeg_q95,VQDM,Uncertain,0.5,uncertain|multi_tool,,,
f2_noise+frequency__VQDM_VQDM_1000_200_04_497_vqdm_00035_png,honest_abstention,Fake,noise+frequency,png,VQDM,Uncertain,0.5,uncertain|multi_tool,,,
f2_noise+frequency__VQDM_VQDM_1000_200_09_905_vqdm_00020_jpeg_q85,honest_abstention,Fake,noise+frequency,jpeg_q85,VQDM,Uncertain,0.5,uncertain|multi_tool,,,
f2_noise+frequency__VQDM_VQDM_1000_200_09_905_vqdm_00020_jpeg_q95,honest_abstention,Fake,noise+frequency,jpeg_q95,VQDM,Uncertain,0.5,uncertain|multi_tool,,,
f2_noise+frequency__VQDM_VQDM_1000_200_09_905_vqdm_00020_png,honest_abstention,Fake,noise+frequency,png,VQDM,Uncertain,0.5,uncertain|multi_tool,,,
f2_noise+frequency__Wukong_965_wukong_image128_jpeg_q70,honest_abstention,Fake,noise+frequency,jpeg_q70,Wukong,Uncertain,0.5,uncertain|multi_tool,,,
f2_noise+frequency__Wukong_965_wukong_image128_jpeg_q85,honest_abstention,Fake,noise+frequency,jpeg_q85,Wukong,Uncertain,0.5,uncertain|multi_tool,,,
f2_noise+frequency__Wukong_965_wukong_image128_jpeg_q95,honest_abstention,Fake,noise+frequency,jpeg_q95,Wukong,Uncertain,0.5,uncertain|multi_tool,,,
f2_noise+frequency__Wukong_965_wukong_image128_png,honest_abstention,Fake,noise+frequency,png,Wukong,Uncertain,0.5,uncertain|multi_tool,,,
f2_noise+jpeg__ADM_49_adm_153_jpeg_q85,honest_abstention,Fake,noise+jpeg,jpeg_q85,ADM,Uncertain,0.5,uncertain|multi_tool,,,
f2_noise+jpeg__ADM_49_adm_153_jpeg_q95,positive,Fake,noise+jpeg,jpeg_q95,ADM,Fake,0.6727,multi_tool,,,
f2_noise+jpeg__ADM_49_adm_153_png,positive,Fake,noise+jpeg,png,ADM,Fake,0.6727,multi_tool,,,
f2_noise+jpeg__BigGAN_188_biggan_00127_jpeg_q85,honest_abstention,Fake,noise+jpeg,jpeg_q85,BigGAN,Uncertain,0.5,uncertain|multi_tool,,,
f2_noise+jpeg__BigGAN_188_biggan_00127_jpeg_q95,positive,Fake,noise+jpeg,jpeg_q95,BigGAN,Fake,0.6727,multi_tool,,,
f2_noise+jpeg__BigGAN_188_biggan_00127_png,positive,Fake,noise+jpeg,png,BigGAN,Fake,0.6727,multi_tool,,,
f2_noise+jpeg__Glide_GLIDE_1000_200_00_049_glide_00020_jpeg_q85,honest_abstention,Fake,noise+jpeg,jpeg_q85,Glide,Uncertain,0.5,uncertain|multi_tool,,,
f2_noise+jpeg__Glide_GLIDE_1000_200_00_049_glide_00020_jpeg_q95,positive,Fake,noise+jpeg,jpeg_q95,Glide,Fake,0.6727,multi_tool,,,
f2_noise+jpeg__Glide_GLIDE_1000_200_00_049_glide_00020_png,positive,Fake,noise+jpeg,png,Glide,Fake,0.7354,multi_tool,,,
f2_noise+jpeg__Real_61a31c5a-850a-4ad1-a26b-a92ba72b2f5c_jpeg_q85,honest_abstention,Real,noise+jpeg,jpeg_q85,Real,Uncertain,0.5,uncertain|multi_tool,,,
f2_noise+jpeg__SD14_122_sdv4_00039_jpeg_q85,honest_abstention,Fake,noise+jpeg,jpeg_q85,SD14,Uncertain,0.5,uncertain|multi_tool,,,
f2_noise+jpeg__SD14_122_sdv4_00039_jpeg_q95,honest_abstention,Fake,noise+jpeg,jpeg_q95,SD14,Uncertain,0.5,uncertain|multi_tool,,,
f2_noise+jpeg__SD14_122_sdv4_00039_png,honest_abstention,Fake,noise+jpeg,png,SD14,Uncertain,0.5,uncertain|multi_tool,,,
f2_noise+jpeg__SD14_289_sdv4_00074_jpeg_q85,honest_abstention,Fake,noise+jpeg,jpeg_q85,SD14,Uncertain,0.5,uncertain|multi_tool,,,
f2_noise+jpeg__SD14_289_sdv4_00074_jpeg_q95,honest_abstention,Fake,noise+jpeg,jpeg_q95,SD14,Uncertain,0.5,uncertain|multi_tool,,,
f2_noise+jpeg__SD14_289_sdv4_00074_png,positive,Fake,noise+jpeg,png,SD14,Fake,0.7354,multi_tool,,,
f2_noise+jpeg__SD15_168_sdv5_00027_jpeg_q85,positive,Fake,noise+jpeg,jpeg_q85,SD15,Fake,0.7354,multi_tool,,,
f2_noise+jpeg__SD15_168_sdv5_00027_jpeg_q95,positive,Fake,noise+jpeg,jpeg_q95,SD15,Fake,0.7354,multi_tool,,,
f2_noise+jpeg__SD15_168_sdv5_00027_png,positive,Fake,noise+jpeg,png,SD15,Fake,0.7354,multi_tool,,,
f2_noise+jpeg__SD15_815_sdv5_00027_jpeg_q85,honest_abstention,Fake,noise+jpeg,jpeg_q85,SD15,Uncertain,0.5,uncertain|multi_tool,,,
f2_noise+jpeg__SD15_815_sdv5_00027_jpeg_q95,honest_abstention,Fake,noise+jpeg,jpeg_q95,SD15,Uncertain,0.5,uncertain|multi_tool,,,
f2_noise+jpeg__SD15_815_sdv5_00027_png,positive,Fake,noise+jpeg,png,SD15,Fake,0.851,multi_tool|high_confidence,,,
f2_noise+jpeg__VQDM_VQDM_1000_200_04_497_vqdm_00035_jpeg_q85,honest_abstention,Fake,noise+jpeg,jpeg_q85,VQDM,Uncertain,0.5,uncertain|multi_tool,,,
f2_noise+jpeg__VQDM_VQDM_1000_200_04_497_vqdm_00035_jpeg_q95,honest_abstention,Fake,noise+jpeg,jpeg_q95,VQDM,Uncertain,0.5,uncertain|multi_tool,,,
f2_noise+jpeg__VQDM_VQDM_1000_200_04_497_vqdm_00035_png,honest_abstention,Fake,noise+jpeg,png,VQDM,Uncertain,0.5,uncertain|multi_tool,,,
f2_noise+jpeg__VQDM_VQDM_1000_200_09_905_vqdm_00020_jpeg_q85,honest_abstention,Fake,noise+jpeg,jpeg_q85,VQDM,Uncertain,0.5,uncertain|multi_tool,,,
f2_noise+jpeg__VQDM_VQDM_1000_200_09_905_vqdm_00020_jpeg_q95,honest_abstention,Fake,noise+jpeg,jpeg_q95,VQDM,Uncertain,0.5,uncertain|multi_tool,,,
f2_noise+jpeg__VQDM_VQDM_1000_200_09_905_vqdm_00020_png,honest_abstention,Fake,noise+jpeg,png,VQDM,Uncertain,0.5,uncertain|multi_tool,,,
f2_noise+jpeg__Wukong_965_wukong_image128_jpeg_q85,honest_abstention,Fake,noise+jpeg,jpeg_q85,Wukong,Uncertain,0.5,uncertain|multi_tool,,,
f2_noise+jpeg__Wukong_965_wukong_image128_jpeg_q95,honest_abstention,Fake,noise+jpeg,jpeg_q95,Wukong,Uncertain,0.5,uncertain|multi_tool,,,
f2_noise+jpeg__Wukong_965_wukong_image128_png,positive,Fake,noise+jpeg,png,Wukong,Fake,0.7354,multi_tool,,,
f2_noise__ADM_49_adm_153_jpeg_q70,honest_abstention,Fake,noise,jpeg_q70,ADM,Uncertain,0.5,uncertain,,,
f2_noise__ADM_49_adm_153_jpeg_q85,honest_abstention,Fake,noise,jpeg_q85,ADM,Uncertain,0.5,uncertain,,,
f2_noise__ADM_49_adm_153_jpeg_q95,positive,Fake,noise,jpeg_q95,ADM,Fake,0.6727,,,,
f2_noise__ADM_49_adm_153_png,positive,Fake,noise,png,ADM,Fake,0.6727,,,,
f2_noise__BigGAN_188_biggan_00127_jpeg_q70,honest_abstention,Fake,noise,jpeg_q70,BigGAN,Uncertain,0.5,uncertain,,,
f2_noise__BigGAN_188_biggan_00127_jpeg_q85,honest_abstention,Fake,noise,jpeg_q85,BigGAN,Uncertain,0.5,uncertain,,,
f2_noise__BigGAN_188_biggan_00127_jpeg_q95,positive,Fake,noise,jpeg_q95,BigGAN,Fake,0.6727,,,,
f2_noise__BigGAN_188_biggan_00127_png,positive,Fake,noise,png,BigGAN,Fake,0.6727,,,,
f2_noise__Glide_GLIDE_1000_200_00_049_glide_00020_jpeg_q70,positive,Fake,noise,jpeg_q70,Glide,Fake,0.6727,,,,
f2_noise__Glide_GLIDE_1000_200_00_049_glide_00020_jpeg_q85,positive,Fake,noise,jpeg_q85,Glide,Fake,0.6727,,,,
f2_noise__Glide_GLIDE_1000_200_00_049_glide_00020_jpeg_q95,positive,Fake,noise,jpeg_q95,Glide,Fake,0.6727,,,,
f2_noise__Glide_GLIDE_1000_200_00_049_glide_00020_png,positive,Fake,noise,png,Glide,Fake,0.6727,,,,
f2_noise__Real_61a31c5a-850a-4ad1-a26b-a92ba72b2f5c_jpeg_q70,honest_abstention,Real,noise,jpeg_q70,Real,Uncertain,0.5,uncertain,,,
f2_noise__Real_61a31c5a-850a-4ad1-a26b-a92ba72b2f5c_jpeg_q85,honest_abstention,Real,noise,jpeg_q85,Real,Uncertain,0.5,uncertain,,,
f2_noise__Real_74cc17f8-4a5f-4416-b96d-a6a27874e1aa_jpeg_q70,positive,Real,noise,jpeg_q70,Real,Real,0.3102,,,,
f2_noise__Real_74cc17f8-4a5f-4416-b96d-a6a27874e1aa_jpeg_q85,positive,Real,noise,jpeg_q85,Real,Real,0.3102,,,,
f2_noise__Real_74cc17f8-4a5f-4416-b96d-a6a27874e1aa_jpeg_q95,positive,Real,noise,jpeg_q95,Real,Real,0.3102,,,,
f2_noise__Real_74cc17f8-4a5f-4416-b96d-a6a27874e1aa_png,positive,Real,noise,png,Real,Real,0.3102,,,,
f2_noise__Real_f0984e98-df5d-4f07-9874-080b8b10dc64_jpeg_q70,positive,Real,noise,jpeg_q70,Real,Real,0.3102,,,,
f2_noise__Real_f0984e98-df5d-4f07-9874-080b8b10dc64_jpeg_q95,positive,Real,noise,jpeg_q95,Real,Real,0.3102,,,,
f2_noise__SD14_122_sdv4_00039_jpeg_q70,honest_abstention,Fake,noise,jpeg_q70,SD14,Uncertain,0.5,uncertain,,,
f2_noise__SD14_122_sdv4_00039_jpeg_q85,honest_abstention,Fake,noise,jpeg_q85,SD14,Uncertain,0.5,uncertain,,,
f2_noise__SD14_122_sdv4_00039_jpeg_q95,honest_abstention,Fake,noise,jpeg_q95,SD14,Uncertain,0.5,uncertain,,,
f2_noise__SD14_122_sdv4_00039_png,honest_abstention,Fake,noise,png,SD14,Uncertain,0.5,uncertain,,,
f2_noise__SD14_289_sdv4_00074_jpeg_q70,honest_abstention,Fake,noise,jpeg_q70,SD14,Uncertain,0.5,uncertain,,,
f2_noise__SD14_289_sdv4_00074_jpeg_q85,honest_abstention,Fake,noise,jpeg_q85,SD14,Uncertain,0.5,uncertain,,,
f2_noise__SD14_289_sdv4_00074_jpeg_q95,honest_abstention,Fake,noise,jpeg_q95,SD14,Uncertain,0.5,uncertain,,,
f2_noise__SD14_289_sdv4_00074_png,honest_abstention,Fake,noise,png,SD14,Uncertain,0.5,uncertain,,,
f2_noise__SD15_168_sdv5_00027_jpeg_q70,honest_abstention,Fake,noise,jpeg_q70,SD15,Uncertain,0.5,uncertain,,,
f2_noise__SD15_168_sdv5_00027_jpeg_q85,honest_abstention,Fake,noise,jpeg_q85,SD15,Uncertain,0.5,uncertain,,,
f2_noise__SD15_168_sdv5_00027_jpeg_q95,honest_abstention,Fake,noise,jpeg_q95,SD15,Uncertain,0.5,uncertain,,,
f2_noise__SD15_168_sdv5_00027_png,honest_abstention,Fake,noise,png,SD15,Uncertain,0.5,uncertain,,,
f2_noise__SD15_815_sdv5_00027_jpeg_q70,positive,Fake,noise,jpeg_q70,SD15,Fake,0.6727,,,,
f2_noise__SD15_815_sdv5_00027_jpeg_q85,positive,Fake,noise,jpeg_q85,SD15,Fake,0.6727,,,,
f2_noise__SD15_815_sdv5_00027_jpeg_q95,positive,Fake,noise,jpeg_q95,SD15,Fake,0.6727,,,,
f2_noise__SD15_815_sdv5_00027_png,positive,Fake,noise,png,SD15,Fake,0.6727,,,,
f2_noise__VQDM_VQDM_1000_200_04_497_vqdm_00035_jpeg_q70,honest_abstention,Fake,noise,jpeg_q70,VQDM,Uncertain,0.5,uncertain,,,
f2_noise__VQDM_VQDM_1000_200_04_497_vqdm_00035_jpeg_q85,honest_abstention,Fake,noise,jpeg_q85,VQDM,Uncertain,0.5,uncertain,,,
f2_noise__VQDM_VQDM_1000_200_04_497_vqdm_00035_jpeg_q95,honest_abstention,Fake,noise,jpeg_q95,VQDM,Uncertain,0.5,uncertain,,,
f2_noise__VQDM_VQDM_1000_200_04_497_vqdm_00035_png,honest_abstention,Fake,noise,png,VQDM,Uncertain,0.5,uncertain,,,
f2_noise__VQDM_VQDM_1000_200_09_905_vqdm_00020_jpeg_q85,honest_abstention,Fake,noise,jpeg_q85,VQDM,Uncertain,0.5,uncertain,,,
f2_noise__VQDM_VQDM_1000_200_09_905_vqdm_00020_jpeg_q95,honest_abstention,Fake,noise,jpeg_q95,VQDM,Uncertain,0.5,uncertain,,,
f2_noise__VQDM_VQDM_1000_200_09_905_vqdm_00020_png,honest_abstention,Fake,noise,png,VQDM,Uncertain,0.5,uncertain,,,
f2_noise__Wukong_965_wukong_image128_jpeg_q70,honest_abstention,Fake,noise,jpeg_q70,Wukong,Uncertain,0.5,uncertain,,,
f2_noise__Wukong_965_wukong_image128_jpeg_q85,honest_abstention,Fake,noise,jpeg_q85,Wukong,Uncertain,0.5,uncertain,,,
f2_noise__Wukong_965_wukong_image128_jpeg_q95,honest_abstention,Fake,noise,jpeg_q95,Wukong,Uncertain,0.5,uncertain,,,
f2_noise__Wukong_965_wukong_image128_png,honest_abstention,Fake,noise,png,Wukong,Uncertain,0.5,uncertain,,,
